,Country Name,Country Code,Indicator Name,Indicator Code,1960,1961,1962,1963,1964,1965,1966,1967,1968,1969,1970,1971,1972,1973,1974,1975,1976,1977,1978,1979,1980,1981,1982,1983,1984,1985,1986,1987,1988,1989,1990,1991,1992,1993,1994,1995,1996,1997,1998,1999,2000,2001,2002,2003,2004,2005,2006,2007,2008,2009,2010,2011,2012,2013,2014,2015,2016,2017,Unnamed: 62
36496,Brazil,BRA,GDP (current US$),NY.GDP.MKTP.CD,15165569912.5199,15236854859.469,19926293839.0163,23021477292.2093,21211892259.9904,21790035117.19,27062716577.9111,30591834053.9653,33875881876.3672,37458898243.8609,42327600098.2412,49204456700.4516,58539008786.3684,79279057730.82901,105136007528.76,123709376567.89,152678020452.829,176171284311.76102,200800891870.16397,224969488835.18103,235024598983.26102,263561088977.129,281682304161.041,203304515490.795,209023912696.839,222942790435.29898,268137224729.722,294084112392.66,330397381998.489,425595310000.0,461951782000.0,602860000000.0,400599250000.0,437798577639.752,558111997497.263,769305386182.8491,850426432991.7421,883199625324.675,863723411632.917,599388579985.673,655420645476.906,559372276081.9661,507962487700.024,558319920831.979,669316654017.094,891630175813.342,1107640297889.95,1397084345950.39,1695824571927.15,1667019780934.28,2208871646202.82,2616201578192.25,2465188674415.03,2472806919901.67,2455993625159.37,1802214373741.32,1793989048409.29,2055505502224.73,
36497,Brazil,BRA,GDP growth (annual %),NY.GDP.MKTP.KD.ZG,,10.275911554300901,5.21605942017887,0.87467259240843,3.4855823042772403,3.0534878936690997,4.15036023303344,4.91526567501121,11.4272823832673,9.7358268899127,8.76994747172606,11.295086843350198,12.0528022500388,13.978691651075803,9.04212031316958,5.209075901144059,9.790410161476071,4.60631806113791,3.23170956333544,6.76628496532688,9.110960155171538,-4.39335720034832,0.580245553394249,-3.40979347371646,5.26914314976874,7.94586174871279,7.988295104862349,3.5996294668090294,-0.102672718383658,3.27945885796417,-3.1023559487503904,1.5119372378998899,-0.46691320980055195,4.66516898877852,5.3345517024736795,4.416731353885059,2.20753552794351,3.39502863721179,0.3383561792702489,0.469066587492819,4.11248423957215,1.38283202786545,3.0540164934866296,1.1398868686460601,5.76441160717755,3.19646411192973,3.9572968292065602,6.060353584609589,5.09085791114556,-0.12577515362765698,7.54179863570165,3.98527761463821,1.9331078892995102,3.01030558066186,0.508210254249747,-3.54976724660112,-3.46816285562616,0.9760856813759491,
36498,Brazil,BRA,GDP per capita (Current US$),NY.GDP.PCAP.CD,210.027470429478,204.92930153477297,260.225266127099,291.950589001802,261.331083055664,260.964692542291,315.27738237919,346.880100387651,374.08326175821196,403.065252307126,444.026267601819,503.478766140281,584.5506847713659,772.818791304736,1000.63425269098,1149.5861205932301,1385.29852974104,1560.8630604471398,1737.3675521191199,1901.00132504395,1939.7908764714498,2124.96298887959,2218.89051545923,1565.2978321106198,1573.9671393322,1643.1965026761,1936.0163352669897,2081.66526186895,2294.40169466025,2901.2854492707397,3093.03747863815,3966.7954884916203,2591.7971162780605,2786.1713557447697,3494.64054135109,4740.11981336276,5156.809075137589,5271.41222246603,5075.63121131187,3469.50223662228,3739.1161387651796,3146.94890366357,2819.6481201182,3059.58650690802,3623.0499120929903,4770.18384511293,5860.145829417521,7313.55777336115,8787.61065756604,8553.381368256949,11224.1540829355,13167.472891753301,12291.466852329098,12216.9044643396,12026.619390631298,8750.22299607324,8639.36574344537,9821.407686410079,
36515,Brazil,BRA,"Inflation, consumer prices (annual %)",FP.CPI.TOTL.ZG,,,,,,,,,,,,,,,,,,,,,,101.7248208,100.5434981,135.02759509999998,192.1217696,225.9915563,147.1421659,228.3351346,629.1147272000001,1430.723231,2947.73293,432.7846016,951.6484598999999,1927.983498,2075.887182,66.00787631,15.7574361,6.925316945,3.1985918910000004,4.857966241000001,7.044702451,6.837830757000001,8.450220696,14.71532583,6.599124847000001,6.86734958,4.1836805319999995,3.637027934,5.663098519,4.886408444,5.038316946,6.6361986570000004,5.40196475,6.201899612999999,6.332092342,9.027601288,8.739478522999999,,
36681,Brazil,BRA,"Rural population, female (% of total)",SP.RUR.TOTL.FE.ZS,,,,,,,,,,,,,,,,,,,,,16.6607798523094,,,,,14.554076771176698,,,,,12.5581364268149,,,,,10.699791835247199,,,,,8.9412910804848,,,,,8.13679878802205,,,,,7.3940884176015595,,,,,6.741694409254731,,,
36682,Brazil,BRA,"Rural population, male (% of total)",SP.RUR.TOTL.MA.ZS,,,,,,,,,,,,,,,,,,,,,17.8715469726715,,,,,15.5832715473892,,,,,13.519726291029599,,,,,11.6905819347586,,,,,9.86676599524369,,,,,9.02859107563043,,,,,8.27058040059423,,,,,7.5710259356372,,,
36717,Brazil,BRA,"Unemployment, female (% of female labor force) (modeled ILO estimate)",SL.UEM.TOTL.FE.ZS,,,,,,,,,,,,,,,,,,,,,,,,,,,,,,,,13.616999626159698,8.19200038909912,7.53399991989136,12.916999816894501,7.372000217437741,8.76900005340576,9.98200035095215,11.6700000762939,12.2559995651245,17.8920001983643,11.980999946594201,11.6490001678467,12.4420003890991,11.770000457763699,12.0279998779297,11.088000297546401,10.887000083923303,12.503999710083,11.116999626159698,11.1920003890991,9.170000076293949,9.07800006866455,8.79100036621094,8.14299964904785,10.107000350952099,13.538999557495101,15.0769996643066,
36718,Brazil,BRA,"Unemployment, female (% of female labor force) (national estimate)",SL.UEM.TOTL.FE.NE.ZS,,,,,,,,,,,,,,,,,1.89999997615814,2.75999999046326,2.79999995231628,2.75999999046326,,4.15999984741211,5.09000015258789,4.63000011444092,4.40000009536743,3.85999989509583,2.7100000381469704,3.95000004768372,4.25,2.97000002861023,3.45000004768372,,7.949999809265139,7.34000015258789,,7.19000005722046,8.60999965667725,9.829999923706051,11.5,12.0900001525879,19.8899993896484,11.8999996185303,11.5500001907349,12.3199996948242,11.6599998474121,12.0,11.0,10.789999961853,10.039999961853,11.0100002288818,8.51000022888184,9.079999923706051,8.18000030517578,8.46000003814697,8.8100004196167,10.0299997329712,13.4399995803833,15.279999732971199,
36719,Brazil,BRA,"Unemployment, male (% of male labor force) (modeled ILO estimate)",SL.UEM.TOTL.MA.ZS,,,,,,,,,,,,,,,,,,,,,,,,,,,,,,,,8.213000297546388,5.4380002021789595,5.1739997863769505,9.09899997711182,5.098999977111821,5.5430002212524405,6.23199987411499,7.116000175476071,7.8649997711181605,11.2440004348755,7.53299999237061,7.30999994277954,7.78499984741211,6.79500007629395,7.30999994277954,6.38100004196167,6.00600004196167,7.18400001525879,6.14900016784668,6.264999866485599,4.88000011444092,5.80299997329712,5.66699981689453,5.58300018310547,7.1939997673034695,10.1599998474121,11.230999946594201,
36720,Brazil,BRA,"Unemployment, male (% of male labor force) (national estimate)",SL.UEM.TOTL.MA.NE.ZS,,,,,,,,,,,,,,,,,1.92999994754791,2.11999988555908,2.15000009536743,2.75,,3.9000000953674303,4.699999809265139,4.61999988555908,3.9000000953674303,3.17000007629395,2.22000002861023,3.33999991416931,3.5399999618530296,3.00999999046326,3.82999992370605,,5.40999984741211,5.15999984741211,,5.09999990463257,5.53000020980835,6.21000003814697,7.099999904632571,7.84000015258789,12.220000267028801,7.4899997711181605,7.300000190734861,7.78000020980835,6.76999998092651,6.900000095367429,6.349999904632571,5.9899997711181605,6.099999904632571,6.119999885559079,5.21999979019165,4.84999990463257,4.57999992370605,4.94000005722046,5.30999994277954,7.199999809265139,10.1899995803833,11.7600002288818,
44071,China,CHN,GDP (current US$),NY.GDP.MKTP.CD,59716467625.3148,50056868957.6732,47209359005.6056,50706799902.5103,59708343488.5043,70436266146.7219,76720285969.6157,72881631326.6715,70846535055.6503,79705906247.4612,92602973434.0726,99800958648.1436,113687586299.051,138544284708.957,144182133387.722,163431551779.761,153940455341.50598,174938098826.569,149540752829.268,178280594413.043,191149211575.0,195866382432.54,205089699858.779,230686747153.257,259946510957.143,309488028132.653,300758100107.24603,272972974764.57397,312353631207.819,347768051311.741,360857912565.966,383373318083.62396,426915712711.146,444731282436.762,564324670005.917,734547898220.5079,863746717503.7891,961603952951.82,1029043097554.08,1093997267271.06,1211346869605.24,1339395718865.3,1470550015081.55,1660287965662.68,1955347004963.27,2285965892360.54,2752131773355.16,3552182311652.97,4598206091384.0,5109953609257.25,6100620488867.55,7572553836875.34,8560547314679.28,9607224481532.65,10482372109961.9,11064666282625.5,11190992550229.5,12237700479375.0,
44072,China,CHN,GDP growth (annual %),NY.GDP.MKTP.KD.ZG,,-27.270000003946098,-5.579999990136,10.299999995275801,18.179999994202,16.950000002496,10.650000004173599,-5.7700000042250705,-4.099999992141431,16.9399999961092,19.299999996256002,7.060000003351799,3.80999999825444,7.7600000016445,2.31000000049113,8.720000000475121,-1.57000000275067,7.569999999171669,11.666644003289301,7.60000000000034,7.80669144981401,5.17241379310337,8.9344262295084,10.835214446952401,15.1391717583164,13.4433962264152,8.939708939708769,11.68893129771,11.2345151644596,4.18586789554524,3.90711389605613,9.294075913444491,14.216163583252099,13.867576015913698,13.0521587222365,10.9492273730684,9.92837246319102,9.23076923076908,7.83761391880728,7.66748617086637,8.49150849150834,8.33991054985566,9.13064594463337,10.035603026256801,10.1112234580387,11.395775941230399,12.719479020690802,14.231388035688,9.65428937259927,9.399813171415358,10.6361404632298,9.5364430080555,7.85626211026953,7.757635146170241,7.29766595938155,6.9002048167243695,6.69999999999993,6.90000000000013,
44073,China,CHN,GDP per capita (Current US$),NY.GDP.PCAP.CD,89.52054151035841,75.8058379259965,70.90941166710071,74.3136434486145,85.4985551596313,98.48677775222059,104.324566181147,96.5895319417819,91.4727183066072,100.12990326618,113.16299155468599,118.65457778534599,131.883561243868,157.090374298657,160.140093727686,178.34181960809602,165.40554037241998,185.42283291367298,156.396388520044,183.983152215978,194.80472218683602,197.07147449910198,203.33491950346402,225.431928890812,250.71396904698798,294.45884850496003,281.928120911563,251.811956961329,283.537695240524,310.8819124049,317.884673040928,333.142145400184,366.46069230207297,377.38983947995797,473.492278718042,609.6566792024839,709.413755085039,781.744164341053,828.580479295681,873.2870617257901,959.372483639691,1053.1082430045199,1148.5082904417,1288.64325183381,1508.6680978826598,1753.41782925823,2099.22943460447,2695.36591709669,3471.2480543115003,3838.43397176904,4560.512586009289,5633.7957168394,6337.88332279255,7077.7707653955795,7683.502613091179,8069.2130238951095,8117.267465431791,8826.99409574835,
44090,China,CHN,"Inflation, consumer prices (annual %)",FP.CPI.TOTL.ZG,,,,,,,,,,,,,,,,,,,,,,,,,,,,7.233835531,18.81181794,18.24563836,3.0522901210000004,3.556685652,6.35398134,14.61007864,24.25734106,16.78945197,8.312847152,2.787113448,-0.849543449,-1.358514164,0.25651828600000004,0.7198080920000001,-0.7667194540000001,1.164517601,3.888815681,1.8139951559999998,1.46607832,4.767210585,5.8430242429999995,-0.700630985,3.325774987,5.410918113999999,2.643051771,2.62808601,2.000344887,1.437024514,2.0,,
44256,China,CHN,"Rural population, female (% of total)",SP.RUR.TOTL.FE.ZS,,,,,,,,,,,,,,,,,,,,,39.234259640351,,,,,37.4062293196172,,,,,35.765113104273205,,,,,33.2339688993901,,,,,30.9196370903814,,,,,27.7081909333875,,,,,24.4980593048208,,,,,21.390966097716397,,,
44257,China,CHN,"Rural population, male (% of total)",SP.RUR.TOTL.MA.ZS,,,,,,,,,,,,,,,,,,,,,41.408006991763294,,,,,39.720078810203205,,,,,37.7925210373176,,,,,35.804730705953496,,,,,33.203090526690694,,,,,29.7695984681875,,,,,26.2759390567295,,,,,22.995004947962602,,,
44292,China,CHN,"Unemployment, female (% of female labor force) (modeled ILO estimate)",SL.UEM.TOTL.FE.ZS,,,,,,,,,,,,,,,,,,,,,,,,,,,,,,,,4.53599977493286,4.03999996185303,3.9590001106262203,3.9449999332427996,4.117000102996831,4.13399982452393,4.12599992752075,4.22800016403198,4.18900012969971,4.02600002288818,4.019999980926509,3.9089999198913596,3.80699992179871,3.8039999008178698,3.6559998989105202,3.5329999923706095,3.31299996376038,3.83800005912781,3.76699995994568,3.6789999008178698,3.79500007629395,3.9019999504089395,3.95799994468689,3.99900007247925,4.00500011444092,4.13100004196167,4.23699998855591,
44293,China,CHN,"Unemployment, female (% of female labor force) (national estimate)",SL.UEM.TOTL.FE.NE.ZS,,,,,,,,,,,,,,,,,,,,,,,,,,,,,,,,,,,,,,,,,,,,,,,,,,,,,,,,,,,
44294,China,CHN,"Unemployment, male (% of male labor force) (modeled ILO estimate)",SL.UEM.TOTL.MA.ZS,,,,,,,,,,,,,,,,,,,,,,,,,,,,,,,,5.1810002326965305,4.67799997329712,4.63500022888184,4.66400003433228,4.90500020980835,4.96400022506714,4.98899984359741,5.140999794006349,5.11899995803833,4.94299983978271,4.94700002670288,4.81799983978271,4.699999809265139,4.7010002136230495,4.53000020980835,4.37400007247925,4.11600017547607,4.77400016784668,4.69899988174438,4.609000205993651,4.76800012588501,4.91499996185303,4.9959998130798295,5.05800008773804,5.07299995422363,5.05100011825562,5.013999938964839,
44295,China,CHN,"Unemployment, male (% of male labor force) (national estimate)",SL.UEM.TOTL.MA.NE.ZS,,,,,,,,,,,,,,,,,,,,,,,,,,,,,,,,,,,,,,,,,,,,,,,,,,,,,,,,,,,
67806,India,IND,GDP (current US$),NY.GDP.MKTP.CD,36535925031.34,38709096075.6305,41599070242.3094,47776000900.0302,55726873083.5543,58760424669.8482,45253641303.1897,49466168890.9507,52377324284.1951,57668330026.3629,61589800519.5084,66452561865.8332,70509913049.4003,84374541630.2062,98198276856.6209,97159222024.1364,101346972433.934,119866746574.408,135468782808.69,150950826964.424,183839864649.15,190909548789.76898,198037712681.605,215350771428.33102,209328156800.867,229410293759.071,245664654062.87302,275311425331.64,292632656262.687,292093308319.64197,316697337894.513,266502281094.117,284363884080.101,275570363431.902,322909902308.89197,355475984177.451,387656017798.596,410320300470.28296,415730874171.13,452699998386.914,462146799337.698,478965491060.771,508068952065.901,599592902016.345,699688852930.276,808901077222.8391,920316529729.7471,1201111768410.27,1186952757636.11,1323940295874.06,1656617073124.71,1823049927772.05,1827637859136.23,1856722121394.42,2039127446299.3,2102390808997.09,2274229710530.03,2597491162897.67,
67807,India,IND,GDP growth (annual %),NY.GDP.MKTP.KD.ZG,,3.7227425326980197,2.9311277366599704,5.994353260951071,7.45295012232985,-2.63577010985354,-0.0553287698313909,7.82596303033046,3.3879291760028396,6.53970029628042,5.15722973608266,1.6429303838873601,-0.553301312377457,3.29552113522415,1.1853362603392599,9.149912014806349,1.66310363661313,7.25476458583543,5.712532089001059,-5.238182702789089,6.735821527998719,6.00620362381703,3.47573324031281,7.2888929012462595,3.82073785597316,5.25429922330902,4.77656417048912,3.9653556339063702,9.627782919847679,5.94734332826579,5.533454563064639,1.05683143308192,5.48239602152279,4.75077621970128,6.65892406734602,7.574491840333519,7.549522248865269,4.04982084906756,6.18441582070948,8.845755561098981,3.84099115689808,4.82396626398834,3.8039753212724303,7.8603814754530195,7.92294341849401,9.28482461599893,9.263964758936382,9.801360336715119,3.89095706249564,8.47978389690218,10.259963064554501,6.63836379999493,5.45638755164701,6.386106400923481,7.410227605164049,8.15442502779908,7.11268609726157,6.62422711604482,
67808,India,IND,GDP per capita (Current US$),NY.GDP.PCAP.CD,81.28476374967441,84.4264369282297,88.91491859604771,100.048591708733,114.31516095901199,118.06338245921002,89.0535834865115,95.33078293868391,98.83123468950649,106.496379410417,111.25757064835399,117.360738098198,121.692288584884,142.27008132107,161.763010636773,156.380095043253,159.4077984504,184.272874925974,203.558704553882,221.687947434428,263.840719769997,267.711010271815,271.33359614926104,288.307169715403,273.901826603638,293.48864710527,307.395346033629,337.063996179221,350.672739060749,342.723898139122,363.964087319698,300.09663658917196,313.860110097812,298.21766383250196,342.717518681973,370.10135530585,396.01461228492303,411.387720784423,409.194385865156,437.586117820096,438.864630447894,447.013896578172,466.20080422626296,541.13522787231,621.318376718509,707.008019015027,792.025969759363,1018.16637300127,991.484630405176,1090.3177645434,1345.77015320926,1461.67195733892,1446.98540954319,1452.1953732317802,1576.0040181767301,1606.0382849889002,1717.47387802956,1939.61298448814,
67825,India,IND,"Inflation, consumer prices (annual %)",FP.CPI.TOTL.ZG,1.783264746,1.7520215630000002,3.57615894,2.9411764710000003,13.35403727,9.479452055,10.81081081,13.0532972,2.996404315,0.574712644,5.095238095,3.0811055730000003,6.461538462,16.92815855,28.60169492,5.738605162000001,-7.63438068,8.321619342,2.517518817,6.253164557000001,11.365260899999999,13.11510484,7.887270664,11.86886396,8.32157969,5.555555556,8.730811403999999,8.798689021,9.384775807999999,3.26256011,8.971233545,13.87024609,11.78781925,6.362038664,10.21150033,10.22488756,8.977149075,7.16425362,13.230840900000002,4.669821024,4.009433962,3.684807256,4.392199745,3.8058659219999997,3.76723848,4.246353323,6.145522388,6.369996746,8.351816443999999,10.87739112,11.99229692,8.857845297,9.312445605,10.90764331,6.649500151,4.906973441,4.941447235,,
67991,India,IND,"Rural population, female (% of total)",SP.RUR.TOTL.FE.ZS,,,,,,,,,,,,,,,,,,,,,37.1997167240134,,,,,36.6403278852095,,,,,36.0937517982714,,,,,35.596733221455395,,,,,35.102340008884504,,,,,34.3917015039782,,,,,33.636578538102604,,,,,32.8166158500924,,,
67992,India,IND,"Rural population, male (% of total)",SP.RUR.TOTL.MA.ZS,,,,,,,,,,,,,,,,,,,,,39.7024171453506,,,,,39.011457817654794,,,,,38.358825628100206,,,,,37.7959288724467,,,,,37.2304058196555,,,,,36.3736133093908,,,,,35.4332400207361,,,,,34.4367937990783,,,
68027,India,IND,"Unemployment, female (% of female labor force) (modeled ILO estimate)",SL.UEM.TOTL.FE.ZS,,,,,,,,,,,,,,,,,,,,,,,,,,,,,,,,3.9539999961852996,3.93799996376038,3.9210000038147004,3.91199994087219,3.9749999046325697,4.03599977493286,4.09100008010864,4.150000095367431,4.2069997787475595,4.21600008010864,4.36199998855591,4.50699996948242,4.663000106811519,4.80999994277954,5.0040001869201705,4.88600015640259,4.76300001144409,4.611000061035161,4.49300003051758,4.3790001869201705,4.3119997978210405,4.22300004959106,4.17700004577637,4.10699987411499,4.1869997978210405,4.15999984741211,4.15799999237061,
68028,India,IND,"Unemployment, female (% of female labor force) (national estimate)",SL.UEM.TOTL.FE.NE.ZS,,,,,,,,,,,,,,,,,,,,,,,,,,,,,,,,,,,2.5199999809265097,,,,,,2.4000000953674303,,,,,4.96999979019165,,,,,4.34000015258789,,3.6900000572204603,,,,,,
68029,India,IND,"Unemployment, male (% of male labor force) (modeled ILO estimate)",SL.UEM.TOTL.MA.ZS,,,,,,,,,,,,,,,,,,,,,,,,,,,,,,,,3.78500008583069,3.63100004196167,3.6710000038147004,3.54900002479553,3.61299991607666,3.72699999809265,4.04699993133545,4.0300002098083505,4.00699996948242,4.35599994659424,4.3119997978210405,4.40199995040894,4.16499996185303,4.1880002021789595,4.14200019836426,3.97699999809265,3.7899999618530296,3.9349999427795397,3.4909999370575,3.25999999046326,3.2739999294281,3.4300000667572004,3.23499989509583,3.1909999847412096,3.2639999389648398,3.2909998893737797,3.31699991226196,
68030,India,IND,"Unemployment, male (% of male labor force) (national estimate)",SL.UEM.TOTL.MA.NE.ZS,,,,,,,,,,,,,,,,,,,,,,,,,,,,,,,,,,,2.61999988555908,,,,,,2.8499999046325697,,,,,4.1399998664856,,,,,3.25999999046326,,2.4000000953674303,,,,,,
104166,Russian Federation,RUS,GDP (current US$),NY.GDP.MKTP.CD,,,,,,,,,,,,,,,,,,,,,,,,,,,,,,506500173960.269,516814274021.956,517962962962.96295,460290556900.726,435083713850.83704,395077301248.464,395531066563.296,391719993756.82794,404926534140.017,270953116950.026,195905767668.56198,259708496267.33,306602673980.117,345110438692.185,430347770731.78705,591016690742.798,764017107992.3921,989930542278.695,1299705247685.76,1660844408499.61,1222643696991.85,1524916112078.87,2051661732059.78,2210256976945.38,2297128039058.21,2063662665171.89,1368400705491.02,1284727602173.71,1577524145963.17,
104167,Russian Federation,RUS,GDP growth (annual %),NY.GDP.MKTP.KD.ZG,,,,,,,,,,,,,,,,,,,,,,,,,,,,,,,-2.9999956422359597,-5.04693945132409,-14.5310737737728,-8.66854034149995,-12.569755979582201,-4.1435284056756405,-3.60000000044693,1.3999999993608,-5.29999999869118,6.40000000010392,9.99999999924522,5.0919842312465,4.74366989682775,7.29585433099831,7.175949192318879,6.37618702701079,8.153431972924281,8.535080209385429,5.24795353229554,-7.820885027015541,4.50372562582628,5.284885415441559,3.65590157303011,1.78535450092343,0.738600773189376,-2.82824081346035,-0.224910984282204,1.5456302290946,
104168,Russian Federation,RUS,GDP per capita (Current US$),NY.GDP.PCAP.CD,,,,,,,,,,,,,,,,,,,,,,,,,,,,,,3428.7621527086103,3485.1123055994703,3485.05600012759,3095.6597791412,2929.46211857553,2663.3945990755,2665.73972189559,2643.8976964978697,2737.55666234068,1834.8469373328699,1330.75146395036,1771.58660190996,2100.3623859404197,2375.05904394498,2975.1327783492497,4102.3722935487895,5323.47387655593,6920.194397836079,9101.25308480437,11635.26037297,8562.809598423979,10674.987707365,14351.2120537753,15434.5747807126,16007.089993444399,14125.9087274272,9346.61636024231,8759.036117752092,10743.0965915463,
104185,Russian Federation,RUS,"Inflation, consumer prices (annual %)",FP.CPI.TOTL.ZG,,,,,,,,,,,,,,,,,,,,,,,,,,,,,,,,,,874.6218469,307.6344092,197.4713847,47.74166667,14.76676632,27.6748415,85.74178151,20.77634088,21.45786502,15.7920011,13.67972036,10.86095476,12.6833396,9.687108886,8.991328161,14.11222781,11.66055046,6.852353956,8.435217224,5.086829568,6.74173735,7.829839703999999,15.52633251,7.049766291,,
104351,Russian Federation,RUS,"Rural population, female (% of total)",SP.RUR.TOTL.FE.ZS,,,,,,,,,,,,,,,,,,,,,16.218888953051902,,,,,14.972304476572,,,,,14.085144010421901,,,,,14.0334584998856,,,,,13.981630372570901,,,,,13.9071651393357,,,,,13.755935885474,,,,,13.622288842911198,,,
104352,Russian Federation,RUS,"Rural population, male (% of total)",SP.RUR.TOTL.MA.ZS,,,,,,,,,,,,,,,,,,,,,14.029566322111199,,,,,13.104337223480199,,,,,12.521178003226499,,,,,12.5947160872667,,,,,12.6686380856341,,,,,12.6294873309109,,,,,12.5569218343105,,,,,12.369632225647099,,,
104387,Russian Federation,RUS,"Unemployment, female (% of female labor force) (modeled ILO estimate)",SL.UEM.TOTL.FE.ZS,,,,,,,,,,,,,,,,,,,,,,,,,,,,,,,,5.28900003433228,5.13000011444092,5.849999904632571,7.8769998550415,9.48799991607666,9.60799980163574,11.432000160217301,12.9930000305176,13.1190004348755,10.3579998016357,8.59200000762939,7.46500015258789,7.755000114440921,7.31400012969971,6.62099981307983,6.7610001564025906,5.699999809265139,5.974999904632571,7.8119997978210405,6.830999851226809,6.087999820709231,5.06799983978271,5.1290001869201705,4.81099987030029,5.2960000038147,5.30700016021729,4.90000009536743,
104388,Russian Federation,RUS,"Unemployment, female (% of female labor force) (national estimate)",SL.UEM.TOTL.FE.NE.ZS,,,,,,,,,,,,,,,,,,,,,,,,,,,,,,,,0.100000001490116,5.17000007629395,5.82000017166138,7.949999809265139,9.19999980926514,9.30000019073486,11.4499998092651,12.9499998092651,12.8999996185303,10.3699998855591,8.60000038146973,7.599999904632571,7.949999809265139,7.51999998092651,6.94000005722046,6.69000005722046,5.639999866485599,5.94000005722046,7.67000007629395,6.84000015258789,6.09000015258789,5.07000017166138,5.1399998664856,4.82000017166138,5.30999994277954,5.300000190734861,,
104389,Russian Federation,RUS,"Unemployment, male (% of male labor force) (modeled ILO estimate)",SL.UEM.TOTL.MA.ZS,,,,,,,,,,,,,,,,,,,,,,,,,,,,,,,,6.11899995803833,5.47599983215332,5.96400022506714,8.26399993896484,9.8149995803833,10.08899974823,12.1560001373291,13.755000114440902,13.9160003662109,10.788999557495101,9.3459997177124,8.35700035095215,8.687000274658201,8.23099994659424,7.7039999961853,7.550000190734861,6.4899997711181605,6.65100002288818,9.00599956512451,7.8850002288818395,6.97300004959106,5.7960000038147,5.775000095367429,5.491000175476071,5.8289999961853,5.755000114440921,5.43200016021729,
104390,Russian Federation,RUS,"Unemployment, male (% of male labor force) (national estimate)",SL.UEM.TOTL.MA.NE.ZS,,,,,,,,,,,,,,,,,,,,,,,,,,,,,,,,0.0500000007450581,5.19000005722046,5.94000005722046,8.28999996185303,9.68000030517578,10.0,12.140000343322802,13.539999961853,13.1700000762939,10.779999732971199,9.34000015258789,8.14000034332275,8.46000003814697,8.0,7.30999994277954,7.42000007629395,6.349999904632571,6.46000003814697,8.90999984741211,7.880000114440921,6.96999979019165,5.78999996185303,5.7600002288818395,5.48000001907349,5.82000017166138,5.699999809265139,,
118811,Syrian Arab Republic,SYR,GDP (current US$),NY.GDP.MKTP.CD,857704431.686497,945244992.2113061,1110565863.53737,1200447429.3556302,1339494290.42432,1472036550.70992,1342287556.59602,1580229795.10881,1753746369.66049,2245011571.98652,2140383695.94618,2589851693.01656,3059682162.06566,3239488104.60091,5159557176.25012,6826980766.8048,7633528920.63247,7696011359.94156,9275203105.57946,9929682184.327179,13062421024.9337,15518199247.3393,16298905397.0701,17589184556.6946,17503082982.2832,16403544510.5268,13293209270.1036,11356215712.9326,10577042354.799,9853396225.58749,12308624283.9787,12981833333.3333,13253565898.9558,13695962019.2084,10122020000.0,11396706586.8263,13789560878.2435,14505233968.8716,15200846138.4615,15873875968.9922,19325894913.1254,21099833783.503002,21582248881.6592,21828144686.0394,25086930693.0693,28858965517.2414,33332844574.7801,40405006007.2086,,,,,,,,,,,
118812,Syrian Arab Republic,SYR,GDP growth (annual %),NY.GDP.MKTP.KD.ZG,,10.8330639000002,24.521297171784898,-8.6527466722076,9.2713638022407,2.2993738753767596,-7.65906551020211,8.2576826470508,3.72908022105565,18.7679152118321,-3.8078191336811797,9.91600377495257,25.0276071251761,-8.54517652558783,24.1272299464536,19.524607854351,10.9617191271732,-1.2737379741161998,8.72663098793896,3.63235561935112,11.9832018627982,9.507711699720359,2.12215135177645,1.42917394908086,-4.07174187032408,6.11507005397576,-4.94570298114698,1.9075465096087802,13.2662890867591,-8.958214010703829,7.6407723234723095,7.9012706984489505,13.470333763585401,5.17898710100076,7.652937116824599,5.75001528846111,4.399999998689919,1.80000000162667,6.33726401741339,-3.5536569134662797,2.7428573972346606,5.200942809668129,5.899999999999991,0.599999999805533,6.90000000448445,6.19999999952987,4.99999999829737,5.69999999644881,,,,,,,,,,,
118813,Syrian Arab Republic,SYR,GDP per capita (Current US$),NY.GDP.PCAP.CD,187.53737427309602,200.18335689970797,227.788663942808,238.43730608976898,257.578412322649,273.962221828686,241.712244801693,275.267309289062,295.449415865686,365.69376424268404,337.039583863198,394.14214812718694,449.94392940759,460.29506799744905,708.4212255517231,905.95008871154,979.327765672517,954.7632405209,1112.6125280161698,1151.17540559969,1462.63034143891,1677.12624436936,1699.5328053309,1769.74095251638,1700.47601855225,1540.43679136689,1208.00442501817,999.591906745427,902.549558305345,815.6485163614431,988.9486721642099,1013.0012864652,1005.04136425569,1009.71641083513,725.608592071928,794.4451530018171,934.550565691747,955.709176087982,974.275191685123,991.12042869086,1177.62926773348,1258.42195289081,1263.01345505567,1253.39140303912,1408.85273756165,1577.4571821855802,1762.24610660537,2058.0352093943497,,,,,,,,,,,
118830,Syrian Arab Republic,SYR,"Inflation, consumer prices (annual %)",FP.CPI.TOTL.ZG,5.118909513,1.958890882,-3.8461538460000004,1.9166666669999999,5.396565822,-3.87897595,3.793381759,6.454121306,2.8487947410000003,-1.988636364,4.6376811589999996,5.609418282999999,2.098360656,20.35966602,15.52828175,11.46496815,11.42857143,11.96581197,4.809160305,4.552075747,19.296412399999998,18.39416058,14.30332922,6.127292341,9.229518195,17.25293132,36.06349206,59.48436771,34.56221198,11.39921722,19.39686722,9.0,11.00917431,13.2231405,15.32846715,7.979957806,8.249890099,1.8861113619999998,-0.797165633,-3.7037037039999996,-3.8461538460000004,3.0,-0.130505282,5.796829449,4.433141367,7.240349393,10.02411054,3.9077095039999996,15.74532522,2.920897118,4.397413832,4.753163889,36.70229534,,,,,,
118996,Syrian Arab Republic,SYR,"Rural population, female (% of total)",SP.RUR.TOTL.FE.ZS,,,,,,,,,,,,,,,,,,,,,26.507369361322,,,,,25.883566138558198,,,,,25.339330174283198,,,,,24.7384572464779,,,,,23.7920713456722,,,,,22.6619695051467,,,,,21.846553966189898,,,,,20.9297103076578,,,
118997,Syrian Arab Republic,SYR,"Rural population, male (% of total)",SP.RUR.TOTL.MA.ZS,,,,,,,,,,,,,,,,,,,,,26.786511835640898,,,,,26.2210555920128,,,,,25.7248413782026,,,,,25.156925652113298,,,,,24.262415246472397,,,,,23.5536962624539,,,,,22.478172023035498,,,,,21.414776555131397,,,
119032,Syrian Arab Republic,SYR,"Unemployment, female (% of female labor force) (modeled ILO estimate)",SL.UEM.TOTL.FE.ZS,,,,,,,,,,,,,,,,,,,,,,,,,,,,,,,,16.9109992980957,17.8150005340576,18.2670001983643,18.408000946044897,17.5750007629395,29.7590007781982,39.391998291015604,26.8889999389648,19.7600002288818,5.8060002326965305,28.544000625610398,23.881999969482397,20.9500007629395,28.5839996337891,26.4409999847412,22.5429992675781,25.638000488281303,30.652000427246104,21.9710006713867,21.8110008239746,39.7029991149902,38.9220008850098,38.7410011291504,38.8860015869141,39.334999084472706,40.4129981994629,41.3079986572266,
119033,Syrian Arab Republic,SYR,"Unemployment, female (% of female labor force) (national estimate)",SL.UEM.TOTL.FE.NE.ZS,,,,,,,,,,,5.800000190734861,5.09999990463257,5.400000095367429,2.09999990463257,3.9000000953674303,,6.900000095367429,7.099999904632571,4.099999904632569,3.79999995231628,,,,6.73000001907349,8.199999809265138,,,,,9.829999923706051,,,,6.400000095367429,12.5,14.1999998092651,,29.2999992370605,,15.1999998092651,5.0,25.530000686645497,24.0799999237061,20.9300003051758,,,23.7700004577637,25.6800003051758,24.190000534057603,22.2999992370605,22.0,,,,,,,,
119034,Syrian Arab Republic,SYR,"Unemployment, male (% of male labor force) (modeled ILO estimate)",SL.UEM.TOTL.MA.ZS,,,,,,,,,,,,,,,,,,,,,,,,,,,,,,,,4.05600023269653,4.28299999237061,4.41200017929077,4.4689998626709,4.287000179290771,7.30399990081787,9.74100017547607,6.7069997787475595,4.8899998664856,1.42999994754791,6.962999820709231,8.73999977111816,7.730999946594241,6.91400003433228,6.42199993133545,5.37900018692017,5.19600009918213,7.03599977493286,5.67600011825562,6.21700000762939,10.4619998931885,10.222999572753901,10.1809997558594,10.2390003204346,10.376000404357901,10.6440000534058,10.769000053405799,
119035,Syrian Arab Republic,SYR,"Unemployment, male (% of male labor force) (national estimate)",SL.UEM.TOTL.MA.NE.ZS,,,,,,,,,,,7.199999809265139,8.10000038146973,4.5,5.199999809265139,5.300000190734861,,6.099999904632571,4.59999990463257,4.5,3.79999995231628,,,,3.8499999046325697,4.099999904632569,,,,,5.03999996185303,,,,7.599999904632571,6.800000190734861,5.5,,13.1000003814697,,6.0,1.60000002384186,8.22000026702881,8.300000190734862,7.75,,,5.28000020980835,5.21000003814697,8.340000152587889,5.69000005722046,6.23000001907349,,,,,,,,
